Workbook

Sheet 1.Histórico e Regressão
A1: Previsão de Vendas - Regressão linear Simples
B3: Vendas mensais históricas(mil garrafas 600 ml) | F3: Cálculos da Regressão Linear y = a + b·x
B4: Mês (x) | C4: Vendas mensais (y) — mil garrafas | D4: Período | F4: Parâmetro | G4: Fórmula/Descrição | H4: Valor
B5: 1 | C5: 1200 | D5: Mês 1 | F5: n (observações) | G5: Quantidades de meses | H5: =COUNT(B5:B16) -> 12
B6: 2 | C6: 1350 | D6: Mês 2 | F6: x̄ (média de x) | G6: 6.5 | H6: =AVERAGE(B5:B16) -> 6.5
B7: 3 | C7: 1420 | D7: Mês 3 | F7: ȳ (média de y) | G7: =H7 -> 1804.1667 | H7: =AVERAGE(C5:C16) -> 1804.1667
B8: 4 | C8: 1500 | D8: Mês 4 | F8: Σ(x−x̄)·(y−ȳ) | G8: =H8 -> 15995 | H8: {=SUMPRODUCT((B5:B16-H6),(C5:C16-H7))} -> 15995
B9: 5 | C9: 1620 | D9: Mês 5 | F9: Σ(x−x̄)² | G9: =H9 -> 143 | H9: {=SUMPRODUCT((B5:B16-H6)^2)} -> 143
B10: 6 | C10: 1750 | D10: Mês 6 | F10: b (coef. angular) | G10: Σ(x-x̄)·(y-ȳ) / Σ(x-x̄)² | H10: =H8/H9 -> 111.85315
B11: 7 | C11: 1830 | D11: Mês 7 | F11: a (coef. linear) | G11: ȳ - b·x̄ | H11: =H7-H10*H6 -> 1077.1212
B12: 8 | C12: 1950 | D12: Mês 8 | F12: r (correlação) | G12: =CORREL(B5:B16,C5:C16) -> 0.99644168 | H12: =CORREL(B5:B16,C5:C16) -> 0.99644168
B13: 9 | C13: 2050 | D13: Mês 9 | F13: r² (deteminação) | G13: =H13 -> 0.99289603 | H13: =H12^2 -> 0.99289603
B14: 10 | C14: 2180 | D14: Mês 10
B15: 11 | C15: 2300 | D15: Mês 11 | F15: Equação e Previsão
B16: 12 | C16: 2500 | D16: Mês 12 | F16: item | G16: Descrição | H16: Resultado
B17: TOTAL | C17: =SUM(C5:C16) -> 21650 | F17: Equação | G17: y = a + bx | H17: y = 1077,14 + 111,85x
F18: Mês previsto (x = 13) | G18: Previsão para o 13° mês | H18: 13
F19: Previsto mês(mil garrafas) | G19: a + b·13 | H19: =H11+(H10*H18) -> 2531.2121

Sheet 2. Entrada e Saída
A1: Estoque
A4: Entrada | F4: Saída
A5: Insumo | B5: Qtd por garrafa | C5: Unidade | D5: Insumos Finais | F5: Mês | G5: Garrafas 600 ml
A6: Água | B6: 1.2 | C6: L | D6: =B6*'1.Histórico e Regressão'!$H$19 -> 3037.4545 | F6: 1 | G6: 1200
A7: Malte de cevada | B7: 150 | C7: g | D7: =B7*'1.Histórico e Regressão'!$H$19 -> 379681.82 | F7: 2 | G7: 1350
A8: Lúpulo | B8: 2 | C8: g | D8: =B8*'1.Histórico e Regressão'!$H$19 -> 5062.4242 | F8: 3 | G8: 1420
A9: Levedura | B9: 0.5 | C9: g | D9: =B9*'1.Histórico e Regressão'!$H$19 -> 1265.6061 | F9: 4 | G9: 1500
A10: Açúcar para carbonatação | B10: 4 | C10: g | D10: =B10*'1.Histórico e Regressão'!$H$19 -> 10124.848 | F10: 5 | G10: 1620
A11: Garrafa de vidro | B11: 1 | C11: uni | D11: =B11*'1.Histórico e Regressão'!$H$19 -> 2531.2121 | F11: 6 | G11: 1750
A12: Tampa metálica | B12: 1 | C12: uni | D12: =B12*'1.Histórico e Regressão'!$H$19 -> 2531.2121 | F12: 7 | G12: 1830
A13: Rótulo | B13: 1 | C13: uni | D13: =B13*'1.Histórico e Regressão'!$H$19 -> 2531.2121 | F13: 8 | G13: 1950
F14: 9 | G14: 2050
F15: 10 | G15: 2180
F16: 11 | G16: 2300
F17: 12 | G17: 2500
F18: 13 | G18: ='1.Histórico e Regressão'!H19 -> 2531.2121
